1,192.168.0.1,58
2,10.33.64.1,80
3,100.72.4.149,81
4,100.72.3.194,80
5,100.72.3.193,60
6,100.72.3.185,87
7,10.242.5.18,56
8,200.32.127.98,104
9,200.32.127.97,135
10,67.17.99.233,195
11,*,*
12,4.69.207.33,168
13,4.68.127.54,192
14,129.250.3.40,376
15,129.250.4.88,208
16,129.250.2.219,236
17,129.250.7.69,232
18,129.250.2.177,371
19,129.250.2.128,348
20,129.250.3.232,365
21,61.200.82.178,331
22,*,*
23,*,*
24,*,*
25,210.188.213.76,353
26,*,*
27,*,*
28,*,*
29,*,*
30,183.90.238.55,368
1,192.168.0.1,55
2,10.33.64.1,52
3,100.72.4.149,67
4,100.72.3.194,80
5,100.72.3.193,59
6,100.72.3.185,56
7,10.242.5.18,53
8,200.32.127.98,76
9,200.32.127.97,61
10,67.17.99.233,180
11,*,*
12,4.69.207.33,184
13,4.68.127.54,223
14,129.250.2.202,348
15,129.250.4.20,192
16,129.250.2.219,259
17,129.250.7.69,232
18,129.250.2.177,336
19,129.250.2.128,340
20,129.250.3.232,368
21,61.200.82.178,332
22,*,*
23,*,*
24,*,*
25,210.188.213.76,340
26,*,*
27,183.90.238.55,340
1,192.168.0.1,125
2,10.33.64.1,56
3,100.72.4.149,64
4,100.72.3.194,69
5,100.72.3.193,68
6,100.72.3.185,51
7,10.242.5.18,61
8,200.32.127.98,59
9,200.32.127.97,72
10,67.17.94.249,184
11,*,*
12,*,*
13,4.68.127.54,188
14,129.250.3.40,320
15,129.250.4.88,188
16,129.250.2.219,212
17,129.250.7.69,209
18,129.250.2.177,332
19,129.250.7.33,348
20,129.250.3.210,356
21,61.200.91.186,340
22,*,*
23,*,*
24,*,*
25,210.188.213.76,332
26,183.90.238.55,360
1,192.168.0.1,39
2,10.33.64.1,52
3,100.72.4.149,55
4,100.72.3.194,71
5,*,*
6,100.72.3.185,42
7,10.242.5.18,56
8,200.32.127.98,65
9,200.32.127.97,80
10,67.17.94.249,204
11,*,*
12,*,*
13,4.68.127.54,208
14,129.250.2.202,325
15,129.250.4.20,166
16,129.250.2.219,228
17,129.250.7.69,227
18,129.250.2.177,348
19,129.250.2.128,349
20,129.250.3.232,344
21,61.200.82.178,340
22,*,*
23,*,*
24,*,*
25,210.188.213.76,344
26,183.90.238.55,332
1,192.168.0.1,48
2,10.33.64.1,68
3,100.72.4.149,92
4,100.72.3.194,48
5,100.72.3.193,64
6,100.72.3.185,71
7,10.242.5.18,38
8,200.32.127.98,68
9,200.32.127.97,72
10,67.17.99.233,179
11,*,*
12,*,*
13,4.68.127.54,188
14,129.250.2.202,348
15,129.250.4.20,180
16,129.250.2.219,208
17,129.250.7.69,224
18,129.250.2.177,340
19,129.250.7.33,342
20,129.250.3.106,335
21,61.200.82.178,348
22,*,*
23,*,*
24,*,*
25,210.188.213.76,332
26,*,*
27,183.90.238.55,352
1,192.168.0.1,7
2,10.33.64.1,48
3,100.72.4.149,45
4,100.72.3.194,52
5,100.72.3.193,60
6,100.72.3.185,68
7,10.242.5.18,51
8,200.32.127.98,47
9,200.32.127.97,52
10,67.17.99.233,188
11,*,*
12,*,*
13,4.68.127.54,176
14,129.250.2.202,336
15,129.250.4.20,188
16,129.250.2.219,200
17,129.250.7.69,228
18,129.250.2.177,326
19,129.250.2.128,425
20,129.250.3.232,349
21,61.200.82.178,336
22,*,*
23,*,*
24,*,*
25,210.188.213.76,347
26,183.90.238.55,343
1,192.168.0.1,49
2,10.33.64.1,38
3,100.72.4.149,64
4,100.72.3.194,56
5,100.72.3.193,71
6,100.72.3.185,72
7,10.242.5.18,52
8,200.32.127.98,73
9,200.32.127.97,53
10,67.17.99.233,183
11,*,*
12,*,*
13,4.68.127.54,196
14,129.250.3.40,332
15,129.250.4.88,166
16,129.250.2.219,194
17,129.250.7.69,240
18,129.250.2.177,344
19,129.250.2.128,348
20,129.250.3.232,356
21,61.200.82.178,336
22,*,*
23,*,*
24,*,*
25,210.188.213.76,352
26,183.90.238.55,336
1,192.168.0.1,51
2,10.33.64.1,59
3,100.72.4.149,56
4,100.72.3.194,76
5,100.72.3.193,59
6,100.72.3.185,91
7,10.242.5.18,64
8,200.32.127.98,59
9,200.32.127.97,57
10,67.17.99.233,177
11,*,*
12,*,*
13,4.68.127.54,192
14,129.250.3.40,352
15,129.250.4.88,192
16,129.250.2.219,228
17,129.250.7.69,227
18,129.250.2.177,356
19,129.250.7.33,334
20,129.250.3.106,356
21,61.200.82.178,343
22,*,*
23,*,*
24,*,*
25,210.188.213.76,375
26,*,*
27,183.90.238.55,340
1,192.168.0.1,48
2,10.33.64.1,92
3,100.72.4.149,68
4,100.72.3.194,64
5,100.72.3.193,89
6,100.72.3.185,71
7,10.242.5.18,72
8,200.32.127.98,59
9,200.32.127.97,80
10,67.17.94.249,159
11,*,*
12,*,*
13,4.68.127.54,180
14,129.250.3.40,336
15,129.250.4.88,216
16,129.250.2.219,224
17,129.250.7.69,221
18,129.250.2.177,344
19,129.250.2.128,352
20,129.250.3.232,376
21,61.200.82.178,336
22,*,*
23,*,*
24,*,*
25,210.188.213.76,376
26,183.90.238.55,335
1,192.168.0.1,37
2,10.33.64.1,46
3,100.72.4.149,56
4,100.72.3.194,64
5,100.72.3.193,84
6,100.72.3.185,61
7,*,*
8,200.32.127.98,37
9,200.32.127.97,61
10,67.17.94.249,203
11,*,*
12,4.69.207.33,183
13,4.68.127.54,184
14,129.250.3.40,356
15,129.250.4.88,192
16,129.250.2.219,208
17,129.250.7.69,233
18,129.250.2.177,352
19,129.250.2.128,363
20,129.250.3.232,336
21,61.200.82.178,364
22,*,*
23,*,*
24,*,*
25,210.188.213.76,348
26,183.90.238.55,332
1,192.168.0.1,64
2,10.33.64.1,59
3,100.72.4.149,84
4,100.72.3.194,68
5,100.72.3.193,44
6,100.72.3.185,30
7,10.242.5.18,76
8,200.32.127.98,65
9,200.32.127.97,64
10,67.17.99.233,180
11,*,*
12,*,*
13,4.68.127.54,181
14,129.250.2.202,379
15,129.250.4.20,215
16,129.250.2.219,224
17,129.250.7.69,231
18,129.250.2.177,329
19,129.250.7.33,340
20,129.250.3.210,360
21,61.200.91.186,353
22,*,*
23,*,*
24,*,*
25,210.188.213.76,352
26,*,*
27,183.90.238.55,351
1,192.168.0.1,51
2,10.33.64.1,67
3,100.72.4.149,63
4,100.72.3.194,72
5,100.72.3.193,56
6,100.72.3.185,76
7,*,*
8,200.32.127.98,60
9,200.32.127.97,80
10,67.17.94.249,192
11,*,*
12,*,*
13,4.68.127.54,192
14,129.250.3.40,340
15,129.250.4.88,196
16,129.250.2.219,236
17,129.250.7.69,232
18,129.250.2.177,365
19,129.250.2.128,340
20,129.250.3.232,367
21,61.200.82.178,340
22,*,*
23,*,*
24,*,*
25,210.188.213.76,344
26,183.90.238.55,343
1,192.168.0.1,60
2,10.33.64.1,57
3,100.72.4.149,45
4,100.72.3.194,45
5,100.72.3.193,84
6,100.72.3.185,75
7,10.242.5.18,76
8,200.32.127.98,68
9,200.32.127.97,67
10,67.17.99.233,223
11,*,*
12,*,*
13,4.68.127.54,192
14,129.250.2.202,343
15,129.250.4.20,223
16,129.250.2.219,207
17,129.250.7.69,216
18,129.250.2.177,357
19,129.250.2.128,360
20,129.250.3.232,323
21,61.200.82.178,327
22,*,*
23,*,*
24,*,*
25,210.188.213.76,332
26,183.90.238.55,336
1,192.168.0.1,75
2,10.33.64.1,63
3,100.72.4.149,59
4,100.72.3.194,34
5,100.72.3.193,50
6,100.72.3.185,38
7,10.242.5.18,52
8,200.32.127.98,51
9,200.32.127.97,68
10,67.17.99.233,200
11,*,*
12,*,*
13,4.68.127.54,188
14,129.250.2.202,348
15,129.250.4.20,193
16,129.250.2.219,201
17,129.250.7.69,228
18,129.250.2.177,348
19,129.250.7.33,336
20,129.250.3.106,340
21,61.200.82.178,344
22,*,*
23,*,*
24,*,*
25,210.188.213.76,343
26,183.90.238.55,351
1,192.168.0.1,43
2,10.33.64.1,68
3,100.72.4.149,59
4,100.72.3.194,64
5,100.72.3.193,76
6,100.72.3.185,91
7,10.242.5.18,64
8,200.32.127.98,34
9,200.32.127.97,80
10,67.17.94.249,187
11,*,*
12,*,*
13,4.68.127.54,188
14,129.250.3.40,363
15,129.250.4.88,192
16,129.250.2.219,219
17,129.250.7.69,246
18,129.250.2.177,377
19,129.250.2.128,332
20,129.250.3.232,340
21,61.200.82.178,327
22,*,*
23,*,*
24,*,*
25,210.188.213.76,340
26,183.90.238.55,339
1,192.168.0.1,51
2,10.33.64.1,56
3,100.72.4.149,56
4,100.72.3.194,79
5,100.72.3.193,51
6,100.72.3.185,72
7,10.242.5.18,68
8,200.32.127.98,60
9,200.32.127.97,68
10,67.17.99.233,175
11,*,*
12,*,*
13,4.68.127.54,173
14,129.250.2.202,336
15,129.250.4.20,173
16,129.250.2.219,208
17,129.250.7.69,231
18,129.250.2.177,355
19,129.250.7.33,392
20,129.250.3.210,340
21,61.200.91.186,319
22,*,*
23,*,*
24,*,*
25,210.188.213.76,344
26,183.90.238.55,343
1,192.168.0.1,47
2,10.33.64.1,41
3,100.72.4.149,68
4,100.72.3.194,87
5,100.72.3.193,59
6,100.72.3.185,48
7,10.242.5.18,52
8,200.32.127.98,75
9,200.32.127.97,60
10,67.17.94.249,187
11,*,*
12,*,*
13,4.68.127.54,180
14,129.250.2.202,343
15,129.250.4.20,191
16,129.250.2.219,247
17,*,*
18,129.250.2.177,344
19,129.250.2.128,352
20,129.250.3.232,329
21,61.200.82.178,340
22,*,*
23,*,*
24,*,*
25,210.188.213.76,344
26,183.90.238.55,335
1,192.168.0.1,59
2,10.33.64.1,48
3,100.72.4.149,71
4,100.72.3.194,56
5,100.72.3.193,52
6,100.72.3.185,55
7,10.242.5.18,56
8,200.32.127.98,75
9,200.32.127.97,65
10,67.17.94.249,192
11,*,*
12,*,*
13,4.68.127.54,191
14,129.250.3.40,352
15,129.250.4.88,196
16,129.250.2.219,203
17,129.250.7.69,228
18,129.250.2.177,368
19,129.250.7.33,352
20,129.250.3.106,356
21,61.200.82.178,343
22,*,*
23,*,*
24,*,*
25,210.188.213.76,336
26,*,*
27,*,*
28,*,*
29,*,*
30,*,*
31,*,*
32,*,*
33,*,*
34,*,*
35,*,*
36,*,*
37,*,*
38,*,*
39,*,*
40,*,*
1,192.168.0.1,47
2,10.33.64.1,64
3,100.72.4.149,47
4,100.72.3.194,89
5,100.72.3.193,59
6,100.72.3.185,56
7,10.242.5.18,76
8,200.32.127.98,73
9,200.32.127.97,85
10,67.17.99.233,196
11,*,*
12,*,*
13,4.68.127.54,179
14,129.250.2.202,361
15,129.250.4.20,188
16,129.250.2.219,239
17,129.250.7.69,244
18,129.250.2.177,332
19,129.250.2.128,351
20,129.250.3.232,331
21,61.200.82.178,325
22,*,*
23,*,*
24,*,*
25,210.188.213.76,340
26,*,*
27,*,*
28,*,*
29,*,*
30,*,*
31,*,*
32,*,*
33,*,*
34,*,*
35,*,*
36,*,*
37,*,*
38,*,*
39,*,*
40,*,*
1,192.168.0.1,55
2,10.33.64.1,77
3,100.72.4.149,60
4,100.72.3.194,56
5,100.72.3.193,73
6,100.72.3.185,56
7,*,*
8,200.32.127.98,55
9,200.32.127.97,48
10,67.17.99.233,180
11,*,*
12,*,*
13,4.68.127.54,180
14,129.250.2.202,348
15,129.250.4.20,212
16,129.250.2.219,248
17,129.250.7.69,239
18,129.250.2.177,319
19,129.250.2.128,336
20,129.250.3.88,339
21,61.200.91.186,340
22,*,*
23,*,*
24,*,*
25,210.188.213.76,343
26,*,*
27,*,*
28,*,*
29,*,*
30,*,*
31,*,*
32,*,*
33,*,*
34,*,*
35,*,*
36,*,*
37,*,*
38,*,*
39,*,*
40,*,*
1,192.168.0.1,56
2,10.33.64.1,53
3,100.72.4.149,59
4,100.72.3.194,84
5,100.72.3.193,59
6,100.72.3.185,72
7,10.242.5.18,60
8,200.32.127.98,56
9,*,*
10,67.17.94.249,192
11,*,*
12,*,*
13,4.68.127.54,179
14,129.250.2.202,326
15,129.250.4.20,213
16,129.250.2.219,207
17,129.250.7.69,219
18,129.250.2.177,347
19,129.250.7.33,340
20,129.250.3.106,344
21,61.200.82.178,332
22,*,*
23,*,*
24,*,*
25,210.188.213.76,352
26,*,*
27,*,*
28,*,*
29,*,*
30,*,*
31,*,*
32,*,*
33,*,*
34,*,*
35,*,*
36,*,*
37,*,*
38,*,*
39,*,*
40,*,*
1,192.168.0.1,60
2,10.33.64.1,80
3,100.72.4.149,63
4,100.72.3.194,61
5,100.72.3.193,53
6,100.72.3.185,64
7,10.242.5.18,56
8,200.32.127.98,71
9,200.32.127.97,48
10,67.17.99.233,180
11,*,*
12,*,*
13,4.68.127.54,165
14,129.250.2.202,375
15,129.250.4.20,183
16,129.250.2.219,264
17,129.250.7.69,227
18,129.250.2.177,340
19,129.250.7.33,344
20,129.250.3.106,347
21,61.200.82.178,348
22,*,*
23,*,*
24,*,*
25,210.188.213.76,327
26,*,*
27,*,*
28,183.90.238.55,340
1,192.168.0.1,51
2,10.33.64.1,56
3,100.72.4.149,83
4,100.72.3.194,60
5,100.72.3.193,61
6,100.72.3.185,64
7,10.242.5.18,75
8,200.32.127.98,65
9,200.32.127.97,56
10,67.17.94.249,199
11,*,*
12,*,*
13,4.68.127.54,236
14,129.250.3.40,344
15,129.250.4.88,188
16,129.250.2.219,229
17,129.250.7.69,220
18,129.250.2.177,356
19,129.250.7.33,342
20,129.250.3.106,340
21,61.200.82.178,352
22,*,*
23,*,*
24,*,*
25,210.188.213.76,340
26,183.90.238.55,355
1,192.168.0.1,47
2,10.33.64.1,71
3,100.72.4.149,55
4,100.72.3.194,112
5,100.72.3.193,76
6,100.72.3.185,55
7,10.242.5.18,72
8,200.32.127.98,79
9,200.32.127.97,61
10,67.17.99.233,208
11,*,*
12,4.69.207.33,464
13,4.68.127.54,247
14,129.250.3.40,348
15,129.250.4.88,200
16,129.250.2.219,217
17,129.250.7.69,224
18,129.250.2.177,388
19,129.250.2.128,367
20,129.250.3.88,344
21,61.200.91.186,347
22,*,*
23,*,*
24,*,*
25,210.188.213.76,356
26,183.90.238.55,363
1,192.168.0.1,60
2,10.33.64.1,64
3,100.72.4.149,67
4,100.72.3.194,64
5,100.72.3.193,52
6,100.72.3.185,53
7,10.242.5.18,81
8,200.32.127.98,108
9,200.32.127.97,70
10,67.17.94.249,196
11,*,*
12,*,*
13,4.68.127.54,252
14,129.250.3.40,345
15,129.250.4.88,204
16,129.250.2.219,216
17,129.250.7.69,237
18,129.250.2.177,356
19,129.250.2.128,347
20,129.250.3.232,363
21,61.200.82.178,347
22,*,*
23,*,*
24,*,*
25,210.188.213.76,360
26,*,*
27,183.90.238.55,356
1,192.168.0.1,43
2,10.33.64.1,52
3,100.72.4.149,83
4,100.72.3.194,80
5,100.72.3.193,68
6,100.72.3.185,48
7,10.242.5.18,64
8,200.32.127.98,72
9,200.32.127.97,55
10,67.17.94.249,186
11,*,*
12,*,*
13,4.68.127.54,165
14,129.250.2.202,368
15,129.250.4.20,199
16,129.250.2.219,211
17,129.250.7.69,207
18,129.250.2.177,352
19,129.250.7.33,364
20,129.250.3.210,334
21,61.200.91.186,361
22,*,*
23,*,*
24,*,*
25,210.188.213.76,351
26,183.90.238.55,359
1,192.168.0.1,43
2,10.33.64.1,47
3,100.72.4.149,56
4,100.72.3.194,64
5,100.72.3.193,52
6,100.72.3.185,60
7,10.242.5.18,75
8,200.32.127.98,60
9,200.32.127.97,59
10,67.17.94.249,188
11,*,*
12,*,*
13,4.68.127.54,196
14,129.250.3.40,356
15,129.250.4.88,197
16,129.250.2.219,228
17,129.250.7.69,232
18,129.250.2.177,360
19,129.250.2.128,336
20,129.250.3.232,360
21,61.200.82.178,323
22,*,*
23,*,*
24,*,*
25,210.188.213.76,343
26,183.90.238.55,339
1,192.168.0.1,33
2,10.33.64.1,70
3,100.72.4.149,51
4,100.72.3.194,60
5,100.72.3.193,101
6,100.72.3.185,60
7,10.242.5.18,60
8,200.32.127.98,37
9,200.32.127.97,64
10,67.17.94.249,164
11,*,*
12,*,*
13,4.68.127.54,208
14,129.250.3.40,336
15,129.250.4.88,188
16,129.250.2.219,208
17,*,*
18,129.250.2.177,353
19,129.250.2.128,332
20,129.250.3.232,361
21,61.200.82.178,339
22,*,*
23,*,*
24,*,*
25,210.188.213.76,344
26,183.90.238.55,352
1,192.168.0.1,67
2,10.33.64.1,64
3,100.72.4.149,63
4,100.72.3.194,65
5,100.72.3.193,68
6,100.72.3.185,84
7,10.242.5.18,39
8,200.32.127.98,76
9,200.32.127.97,60
10,67.17.94.249,185
11,*,*
12,*,*
13,4.68.127.54,184
14,129.250.3.40,344
15,129.250.4.88,178
16,129.250.2.219,212
17,129.250.7.69,248
18,129.250.2.177,343
19,129.250.7.33,352
20,129.250.3.210,380
21,61.200.91.186,344
22,*,*
23,*,*
24,*,*
25,210.188.213.76,364
26,*,*
27,183.90.238.55,340
1,192.168.0.1,55
2,10.33.64.1,33
3,100.72.4.149,81
4,100.72.3.194,56
5,100.72.3.193,56
6,100.72.3.185,69
7,10.242.5.18,59
8,200.32.127.98,52
9,200.32.127.97,64
10,67.17.94.249,183
11,*,*
12,*,*
13,4.68.127.54,200
14,129.250.2.202,345
15,129.250.4.20,195
16,129.250.2.219,220
17,129.250.7.69,240
18,129.250.2.177,348
19,129.250.7.33,356
20,129.250.3.106,344
21,61.200.82.178,348
22,*,*
23,*,*
24,*,*
25,210.188.213.76,348
26,183.90.238.55,344
1,192.168.0.1,57
2,10.33.64.1,43
3,100.72.4.149,60
4,100.72.3.194,68
5,100.72.3.193,60
6,100.72.3.185,64
7,10.242.5.18,64
8,200.32.127.98,60
9,200.32.127.97,76
10,67.17.99.233,184
11,*,*
12,*,*
13,4.68.127.54,188
14,129.250.2.202,339
15,129.250.4.20,195
16,129.250.2.219,227
17,129.250.7.69,233
18,129.250.2.177,360
19,129.250.7.33,348
20,129.250.3.210,339
21,61.200.91.186,336
22,*,*
23,*,*
24,*,*
25,210.188.213.76,380
26,183.90.238.55,363
1,192.168.0.1,25
2,10.33.64.1,51
3,100.72.4.149,63
4,100.72.3.194,71
5,100.72.3.193,51
6,100.72.3.185,41
7,10.242.5.18,85
8,200.32.127.98,107
9,200.32.127.97,59
10,67.17.94.249,195
11,*,*
12,*,*
13,4.68.127.54,208
14,129.250.3.40,348
15,129.250.4.88,224
16,129.250.2.219,248
17,129.250.7.69,243
18,129.250.2.177,341
19,129.250.7.33,344
20,129.250.3.106,356
21,61.200.82.178,320
22,*,*
23,*,*
24,*,*
25,210.188.213.76,372
26,*,*
27,183.90.238.55,340
1,192.168.0.1,56
2,10.33.64.1,75
3,100.72.4.149,47
4,100.72.3.194,48
5,100.72.3.193,75
6,100.72.3.185,56
7,10.242.5.18,59
8,200.32.127.98,87
9,200.32.127.97,61
10,67.17.99.233,192
11,*,*
12,*,*
13,4.68.127.54,212
14,129.250.3.40,338
15,129.250.4.88,232
16,129.250.2.219,216
17,129.250.7.69,224
18,129.250.2.177,348
19,129.250.7.33,356
20,129.250.3.106,336
21,61.200.82.178,372
22,*,*
23,*,*
24,*,*
25,210.188.213.76,347
26,183.90.238.55,351
1,192.168.0.1,51
2,10.33.64.1,67
3,100.72.4.149,39
4,100.72.3.194,47
5,100.72.3.193,80
6,100.72.3.185,52
7,10.242.5.18,73
8,200.32.127.98,43
9,200.32.127.97,72
10,67.17.99.233,188
11,4.68.72.66,170
12,*,*
13,4.68.127.54,204
14,129.250.3.40,349
15,129.250.4.88,188
16,129.250.2.219,215
17,129.250.7.69,207
18,129.250.2.177,353
19,129.250.7.33,376
20,129.250.3.106,372
21,61.200.82.178,340
22,*,*
23,*,*
24,*,*
25,210.188.213.76,376
26,*,*
27,183.90.238.55,348
1,192.168.0.1,44
2,10.33.64.1,63
3,100.72.4.149,51
4,100.72.3.194,46
5,100.72.3.193,68
6,100.72.3.185,60
7,10.242.5.18,62
8,200.32.127.98,64
9,200.32.127.97,61
10,67.17.94.249,175
11,*,*
12,*,*
13,4.68.127.54,200
14,129.250.3.40,348
15,129.250.4.88,224
16,129.250.2.219,236
17,129.250.7.69,232
18,129.250.2.177,388
19,129.250.7.33,367
20,129.250.3.106,360
21,61.200.82.178,340
22,*,*
23,*,*
24,*,*
25,210.188.213.76,345
26,183.90.238.55,375
1,192.168.0.1,43
2,10.33.64.1,45
3,100.72.4.149,61
4,100.72.3.194,64
5,100.72.3.193,80
6,100.72.3.185,97
7,10.242.5.18,71
8,200.32.127.98,76
9,200.32.127.97,88
10,67.17.99.233,228
11,*,*
12,*,*
13,4.68.127.54,216
14,129.250.3.40,349
15,129.250.4.88,207
16,129.250.2.219,217
17,129.250.7.69,224
18,129.250.2.177,372
19,129.250.2.128,338
20,129.250.3.232,352
21,61.200.82.178,349
22,*,*
23,*,*
24,*,*
25,210.188.213.76,344
26,183.90.238.55,344
1,192.168.0.1,59
2,10.33.64.1,72
3,100.72.4.149,75
4,100.72.3.194,56
5,100.72.3.193,55
6,100.72.3.185,64
7,10.242.5.18,33
8,200.32.127.98,60
9,200.32.127.97,51
10,67.17.99.233,207
11,*,*
12,*,*
13,4.68.127.54,208
14,129.250.2.202,381
15,129.250.4.20,252
16,129.250.2.219,216
17,129.250.7.69,240
18,129.250.2.177,356
19,129.250.7.33,340
20,129.250.3.210,348
21,61.200.91.186,336
22,*,*
23,*,*
24,*,*
25,210.188.213.76,325
26,*,*
27,183.90.238.55,360
1,192.168.0.1,45
2,10.33.64.1,58
3,100.72.4.149,45
4,100.72.3.194,70
5,*,*
6,100.72.3.185,68
7,10.242.5.18,69
8,200.32.127.98,68
9,200.32.127.97,51
10,67.17.99.233,200
11,*,*
12,*,*
13,4.68.127.54,208
14,129.250.3.40,340
15,129.250.4.88,192
16,129.250.2.219,212
17,129.250.7.69,211
18,129.250.2.177,348
19,129.250.2.128,340
20,129.250.3.232,340
21,61.200.82.178,347
22,*,*
23,*,*
24,*,*
25,210.188.213.76,361
26,183.90.238.55,347
1,192.168.0.1,84
2,10.33.64.1,65
3,100.72.4.149,56
4,100.72.3.194,36
5,100.72.3.193,80
6,100.72.3.185,61
7,10.242.5.18,60
8,200.32.127.98,60
9,200.32.127.97,59
10,67.17.94.249,184
11,*,*
12,*,*
13,4.68.127.54,183
14,129.250.3.40,324
15,129.250.4.88,180
16,129.250.2.219,208
17,129.250.7.69,223
18,129.250.2.177,359
19,129.250.7.33,339
20,129.250.3.106,337
21,61.200.82.178,356
22,*,*
23,*,*
24,*,*
25,210.188.213.76,360
26,183.90.238.55,339
1,192.168.0.1,71
2,10.33.64.1,76
3,100.72.4.149,52
4,100.72.3.194,60
5,100.72.3.193,53
6,100.72.3.185,72
7,10.242.5.18,65
8,200.32.127.98,55
9,200.32.127.97,56
10,67.17.99.233,193
11,*,*
12,*,*
13,4.68.127.54,196
14,129.250.2.202,331
15,129.250.4.20,184
16,129.250.2.219,215
17,129.250.7.69,240
18,129.250.2.177,336
19,129.250.7.33,336
20,129.250.3.210,327
21,61.200.91.186,344
22,*,*
23,*,*
24,*,*
25,210.188.213.76,353
26,183.90.238.55,323
1,192.168.0.1,67
2,10.33.64.1,59
3,100.72.4.149,56
4,100.72.3.194,76
5,100.72.3.193,61
6,100.72.3.185,52
7,10.242.5.18,68
8,200.32.127.98,68
9,200.32.127.97,69
10,67.17.94.249,196
11,*,*
12,*,*
13,4.68.127.54,217
14,129.250.3.40,348
15,129.250.4.88,201
16,129.250.2.219,227
17,129.250.7.69,224
18,129.250.2.177,339
19,129.250.7.33,347
20,129.250.3.210,343
21,61.200.91.186,329
22,*,*
23,*,*
24,*,*
25,210.188.213.76,329
26,183.90.238.55,323
1,192.168.0.1,45
2,10.33.64.1,99
3,100.72.4.149,56
4,100.72.3.194,72
5,100.72.3.193,52
6,100.72.3.185,75
7,10.242.5.18,56
8,200.32.127.98,80
9,200.32.127.97,89
10,67.17.94.249,196
11,*,*
12,*,*
13,4.68.127.54,188
14,129.250.3.40,339
15,129.250.4.88,209
16,129.250.2.219,223
17,129.250.7.69,288
18,129.250.2.177,340
19,129.250.7.33,343
20,129.250.3.210,332
21,61.200.91.186,352
22,*,*
23,*,*
24,*,*
25,210.188.213.76,356
26,183.90.238.55,343
1,192.168.0.1,60
2,10.33.64.1,52
3,100.72.4.149,60
4,100.72.3.194,83
5,100.72.3.193,56
6,100.72.3.185,79
7,10.242.5.18,68
8,200.32.127.98,51
9,200.32.127.97,60
10,67.17.99.233,179
11,4.68.72.66,204
12,*,*
13,4.68.127.54,213
14,129.250.3.40,332
15,129.250.4.88,180
16,129.250.2.219,224
17,129.250.7.69,236
18,129.250.2.177,352
19,129.250.7.33,327
20,129.250.3.106,332
21,61.200.82.178,316
22,*,*
23,*,*
24,*,*
25,210.188.213.76,336
26,183.90.238.55,348
1,192.168.0.1,67
2,10.33.64.1,47
3,100.72.4.149,60
4,100.72.3.194,67
5,100.72.3.193,43
6,100.72.3.185,68
7,10.242.5.18,76
8,200.32.127.98,79
9,200.32.127.97,77
10,67.17.94.249,188
11,*,*
12,*,*
13,4.68.127.54,196
14,129.250.2.202,353
15,129.250.4.20,204
16,129.250.2.219,236
17,129.250.7.69,219
18,129.250.2.177,341
19,129.250.2.128,340
20,129.250.3.232,344
21,61.200.82.178,348
22,*,*
23,*,*
24,*,*
25,210.188.213.76,373
26,183.90.238.55,348
1,192.168.0.1,48
2,10.33.64.1,52
3,100.72.4.149,55
4,100.72.3.194,56
5,100.72.3.193,55
6,100.72.3.185,72
7,10.242.5.18,59
8,200.32.127.98,64
9,200.32.127.97,60
10,67.17.99.233,183
11,*,*
12,*,*
13,4.68.127.54,208
14,129.250.3.40,340
15,129.250.4.88,193
16,129.250.2.219,224
17,129.250.7.69,227
18,129.250.2.177,340
19,129.250.7.33,340
20,129.250.3.106,335
21,61.200.82.178,338
22,*,*
23,*,*
24,*,*
25,210.188.213.76,343
26,183.90.238.55,344
1,192.168.0.1,63
2,10.33.64.1,56
3,100.72.4.149,60
4,100.72.3.194,51
5,100.72.3.193,72
6,100.72.3.185,57
7,10.242.5.18,68
8,200.32.127.98,52
9,200.32.127.97,115
10,67.17.99.233,175
11,*,*
12,*,*
13,4.68.127.54,173
14,129.250.2.202,339
15,129.250.4.20,180
16,129.250.2.219,225
17,129.250.7.69,219
18,129.250.2.177,344
19,129.250.2.128,348
20,129.250.3.232,319
21,61.200.82.178,352
22,*,*
23,*,*
24,*,*
25,210.188.213.76,336
26,183.90.238.55,339
1,192.168.0.1,59
2,10.33.64.1,51
3,100.72.4.149,61
4,100.72.3.194,55
5,100.72.3.193,77
6,100.72.3.185,37
7,10.242.5.18,68
8,200.32.127.98,55
9,200.32.127.97,68
10,67.17.99.233,165
11,*,*
12,*,*
13,4.68.127.54,200
14,129.250.2.202,337
15,129.250.4.20,185
16,129.250.2.219,211
17,129.250.7.69,205
18,129.250.2.177,308
19,129.250.2.128,328
20,129.250.3.88,320
21,61.200.91.186,339
22,*,*
23,*,*
24,*,*
25,210.188.213.76,345
26,183.90.238.55,332
1,192.168.0.1,40
2,10.33.64.1,67
3,100.72.4.149,68
4,100.72.3.194,52
5,100.72.3.193,63
6,100.72.3.185,67
7,10.242.5.18,57
8,200.32.127.98,73
9,200.32.127.97,55
10,67.17.99.233,191
11,*,*
12,4.69.207.33,199
13,4.68.127.54,204
14,129.250.3.40,311
15,129.250.4.88,188
16,129.250.2.219,227
17,129.250.7.69,241
18,129.250.2.177,335
19,129.250.2.128,344
20,129.250.3.88,351
21,61.200.91.186,331
22,*,*
23,*,*
24,*,*
25,210.188.213.76,347
26,*,*
27,183.90.238.55,332
1,192.168.0.1,60
2,10.33.64.1,72
3,100.72.4.149,52
4,100.72.3.194,68
5,100.72.3.193,60
6,100.72.3.185,38
7,10.242.5.18,72
8,200.32.127.98,59
9,200.32.127.97,55
10,67.17.99.233,183
11,*,*
12,*,*
13,4.68.127.54,191
14,129.250.2.202,332
15,129.250.4.20,179
16,129.250.2.219,216
17,129.250.7.69,232
18,129.250.2.177,332
19,129.250.7.33,348
20,129.250.3.210,312
21,61.200.91.186,344
22,*,*
23,*,*
24,*,*
25,210.188.213.76,335
26,183.90.238.55,344
1,192.168.0.1,56
2,10.33.64.1,55
3,100.72.4.149,65
4,100.72.3.194,51
5,100.72.3.193,47
6,100.72.3.185,57
7,10.242.5.18,64
8,200.32.127.98,55
9,200.32.127.97,67
10,67.17.94.249,197
11,*,*
12,*,*
13,4.68.127.54,199
14,129.250.2.202,339
15,129.250.4.20,189
16,129.250.2.219,221
17,129.250.7.69,219
18,129.250.2.177,331
19,129.250.7.33,331
20,129.250.3.106,347
21,61.200.82.178,347
22,*,*
23,*,*
24,*,*
25,210.188.213.76,356
26,*,*
27,183.90.238.55,340
1,192.168.0.1,51
2,10.33.64.1,64
3,100.72.4.149,83
4,100.72.3.194,52
5,100.72.3.193,56
6,100.72.3.185,51
7,10.242.5.18,64
8,200.32.127.98,57
9,200.32.127.97,52
10,67.17.99.233,181
11,*,*
12,*,*
13,4.68.127.54,203
14,129.250.2.202,335
15,129.250.4.20,196
16,129.250.2.219,216
17,129.250.7.69,231
18,129.250.2.177,315
19,129.250.7.33,319
20,129.250.3.106,331
21,61.200.82.178,332
22,*,*
23,*,*
24,*,*
25,210.188.213.76,316
26,183.90.238.55,335
1,192.168.0.1,48
2,10.33.64.1,55
3,100.72.4.149,59
4,100.72.3.194,59
5,100.72.3.193,56
6,100.72.3.185,64
7,10.242.5.18,79
8,200.32.127.98,57
9,200.32.127.97,71
10,67.17.99.233,180
11,*,*
12,*,*
13,4.68.127.54,185
14,129.250.2.202,331
15,129.250.4.20,200
16,129.250.2.219,203
17,129.250.7.69,235
18,129.250.2.177,343
19,129.250.7.33,359
20,129.250.3.210,348
21,61.200.91.186,355
22,*,*
23,*,*
24,*,*
25,210.188.213.76,335
26,183.90.238.55,336
